Fold,Accuracy,Precision,Recall,Sn,Sp,F1,MCC,TP,TN,FP,FN,AUC
1,0.875,0.8846153846153846,0.8846153846153846,0.8846153846153846,0.8636363636363636,0.8846153846153846,0.7482517482517482,23.0,19.0,3.0,3.0,0.9038461538461537
2,0.7916666666666666,0.7857142857142857,0.8461538461538461,0.8461538461538461,0.7272727272727273,0.8148148148148148,0.57953786404698,22.0,16.0,6.0,4.0,0.8846153846153846
3,0.8333333333333334,0.8461538461538461,0.8461538461538461,0.8461538461538461,0.8181818181818182,0.8461538461538461,0.6643356643356644,22.0,18.0,4.0,4.0,0.8881118881118881
4,0.7708333333333334,0.8,0.7692307692307693,0.7692307692307693,0.7727272727272727,0.7843137254901961,0.5405423894522708,20.0,17.0,5.0,6.0,0.8304195804195804
5,0.7916666666666666,0.7586206896551724,0.88,0.88,0.6956521739130435,0.8148148148148148,0.5880554401268867,22.0,16.0,7.0,3.0,0.8765217391304349
Mean,0.8125,,,0.8452307692307693,0.775494071146245,0.8289425171778113,0.6241446212427101,,,,,0.8767029492246884
Std,0.0372677996249965,,,0.04132251560418347,0.06049626303275782,0.03401943858870776,0.07389103309713443,,,,,0.02478591189572996
