Fold,Accuracy,Precision,Recall,Sn,Sp,F1,MCC,TP,TN,FP,FN,AUC
1,0.777027027027027,0.7792207792207793,0.7894736842105263,0.7894736842105263,0.7638888888888888,0.7843137254901961,0.5536155619907464,60.0,55.0,17.0,16.0,0.8627558479532164
2,0.8581081081081081,0.8375,0.8933333333333333,0.8933333333333333,0.821917808219178,0.864516129032258,0.7175483523264502,67.0,60.0,13.0,8.0,0.9101369863013699
3,0.8175675675675675,0.8,0.8533333333333334,0.8533333333333334,0.7808219178082192,0.8258064516129032,0.6361920018583849,64.0,57.0,16.0,11.0,0.8887671232876713
4,0.8378378378378378,0.8311688311688312,0.8533333333333334,0.8533333333333334,0.821917808219178,0.8421052631578947,0.6757450170191956,64.0,60.0,13.0,11.0,0.9242009132420091
5,0.8716216216216216,0.8589743589743589,0.8933333333333333,0.8933333333333333,0.8493150684931506,0.8758169934640523,0.7436678235854718,67.0,62.0,11.0,8.0,0.9474885844748859
Mean,0.8324324324324325,,,0.856561403508772,0.807572298325723,0.8385117125514607,0.6653537513560498,,,,,0.9066698910518305
Std,0.033211366830931115,,,0.038015661511540844,0.03091235768204832,0.032185937064019066,0.06678499723455485,,,,,0.029101462149354843
