Fold,Accuracy,Precision,Recall,Sn,Sp,F1,MCC,TP,TN,FP,FN,AUC
1,0.7972972972972973,0.7875,0.8289473684210527,0.8289473684210527,0.7638888888888888,0.8076923076923077,0.5945773367042554,63.0,55.0,17.0,13.0,0.8742690058479532
2,0.8513513513513513,0.8840579710144928,0.8133333333333334,0.8133333333333334,0.8904109589041096,0.8472222222222222,0.7052918351556834,61.0,65.0,8.0,14.0,0.9046575342465754
3,0.8445945945945946,0.8421052631578947,0.8533333333333334,0.8533333333333334,0.8356164383561644,0.847682119205298,0.6891386026569163,64.0,61.0,12.0,11.0,0.8863926940639268
4,0.8445945945945946,0.825,0.88,0.88,0.8082191780821918,0.8516129032258064,0.690429568837095,66.0,59.0,14.0,9.0,0.9417351598173516
5,0.8783783783783784,0.8701298701298701,0.8933333333333333,0.8933333333333333,0.863013698630137,0.881578947368421,0.7569002205778981,67.0,63.0,10.0,8.0,0.9444748858447489
Mean,0.8432432432432433,,,0.8537894736842105,0.8322298325722984,0.8471576999428111,0.6872675127863697,,,,,0.9103058559641113
Std,0.026133891359207743,,,0.03001581608324385,0.04379761427754409,0.02350518017289538,0.052494873100443366,,,,,0.028487615415358568
