Fold,Accuracy,Precision,Recall,Sn,Sp,F1,MCC,TP,TN,FP,FN,AUC
1,0.7972972972972973,0.8026315789473685,0.8026315789473685,0.8026315789473685,0.7916666666666666,0.8026315789473685,0.5942982456140351,61.0,57.0,15.0,15.0,0.8770102339181286
2,0.8513513513513513,0.8732394366197183,0.8266666666666667,0.8266666666666667,0.8767123287671232,0.8493150684931506,0.7038934434787456,62.0,64.0,9.0,13.0,0.9143378995433791
3,0.8243243243243243,0.8266666666666667,0.8266666666666667,0.8266666666666667,0.821917808219178,0.8266666666666667,0.6485844748858447,62.0,60.0,13.0,13.0,0.898082191780822
4,0.8851351351351351,0.9027777777777778,0.8666666666666667,0.8666666666666667,0.9041095890410958,0.8843537414965986,0.7709875141071545,65.0,66.0,7.0,10.0,0.9371689497716895
5,0.8648648648648649,0.8767123287671232,0.8533333333333334,0.8533333333333334,0.8767123287671232,0.8648648648648649,0.7300456621004566,64.0,64.0,9.0,11.0,0.9589041095890412
Mean,0.8445945945945945,,,0.8351929824561404,0.8542237442922375,0.8455663840937298,0.6895618680372474,,,,,0.9171006769206121
Std,0.03081555202970643,,,0.022473567798978123,0.04112695426671818,0.028606082922613033,0.06201414674244329,,,,,0.028729225169061266
