Fold,Accuracy,Precision,Recall,Sn,Sp,F1,MCC,TP,TN,FP,FN,AUC
1,0.8541666666666666,0.88,0.8461538461538461,0.8461538461538461,0.8636363636363636,0.8627450980392157,0.7079361616697484,22.0,19.0,3.0,4.0,0.9440559440559441
2,0.8333333333333334,0.875,0.8076923076923077,0.8076923076923077,0.8636363636363636,0.84,0.6689936080056726,21.0,19.0,3.0,5.0,0.9125874125874126
3,0.8541666666666666,0.88,0.8461538461538461,0.8461538461538461,0.8636363636363636,0.8627450980392157,0.7079361616697484,22.0,19.0,3.0,4.0,0.9178321678321678
4,0.7916666666666666,0.8333333333333334,0.7692307692307693,0.7692307692307693,0.8181818181818182,0.8,0.5853694070049635,20.0,18.0,4.0,6.0,0.8548951048951048
5,0.875,0.8518518518518519,0.92,0.92,0.8260869565217391,0.8846153846153846,0.7513319206146093,23.0,19.0,4.0,2.0,0.888695652173913
Mean,0.8416666666666666,,,0.8378461538461538,0.8470355731225296,0.8500211161387632,0.6843134517929486,,,,,0.9036132563089085
Std,0.028259708263021956,,,0.05000922991731703,0.02048483560450582,0.028716189408321085,0.05591450906467863,,,,,0.030047685795509285
