Fold,Accuracy,Precision,Recall,Sn,Sp,F1,MCC,TP,TN,FP,FN,AUC
1,0.8125,0.9047619047619048,0.7307692307692307,0.7307692307692307,0.9090909090909091,0.8085106382978723,0.6426752002616976,19.0,20.0,2.0,7.0,0.8968531468531469
2,0.8541666666666666,0.88,0.8461538461538461,0.8461538461538461,0.8636363636363636,0.8627450980392157,0.7079361616697484,22.0,19.0,3.0,4.0,0.9213286713286714
3,0.8125,0.8148148148148148,0.8461538461538461,0.8461538461538461,0.7727272727272727,0.8301886792452831,0.6216038822203304,22.0,17.0,5.0,4.0,0.9073426573426573
4,0.7708333333333334,0.8,0.7692307692307693,0.7692307692307693,0.7727272727272727,0.7843137254901961,0.5405423894522708,20.0,17.0,5.0,6.0,0.8828671328671329
5,0.8541666666666666,0.8,0.96,0.96,0.7391304347826086,0.8727272727272727,0.7214317487579418,24.0,17.0,6.0,1.0,0.8765217391304347
Mean,0.8208333333333334,,,0.8304615384615385,0.8114624505928854,0.8316970827599681,0.6468378764723978,,,,,0.8969826695044087
Std,0.03118047822311615,,,0.07868986386159409,0.0640096580692448,0.032962174611652434,0.06519211476337199,,,,,0.016235590382118747
