{
  "experiment_info": {
    "name": "svc_only_acp_prediction_20250725_232646",
    "timestamp": "2025-07-25T23:26:46.121041",
    "method": "SVC_only",
    "dataset": "src/dataset/acp740.txt"
  },
  "model_params": {
    "C": 1.0,
    "gamma": "scale",
    "kernel": "rbf",
    "cv_folds": 5,
    "max_length": 50,
    "random_state": 42,
    "encoding_method": "one_hot",
    "feature_scaling": "standard_scaler"
  },
  "dataset_info": {
    "total_samples": 740,
    "positive_samples": 376,
    "negative_samples": 364,
    "positive_ratio": 0.5081081081081081,
    "sequence_length_range": "11-97",
    "average_sequence_length": 26.413513513513514,
    "sequence_length_std": 13.881713854820472
  },
  "cv_results": {
    "accuracy": {
      "mean": 0.8148648648648649,
      "std": 0.015759329445527857,
      "scores": "[0.7972973  0.7972973  0.81756757 0.83783784 0.82432432]"
    },
    "sn": {
      "mean": 0.7952280701754386,
      "std": 0.03909319940166445,
      "scores": "[0.78947368 0.73333333 0.85333333 0.81333333 0.78666667]"
    },
    "sp": {
      "mean": 0.8350837138508371,
      "std": 0.03508990393659589,
      "scores": "[0.80555556 0.8630137  0.78082192 0.8630137  0.8630137 ]"
    },
    "f1": {
      "mean": 0.8133163240255596,
      "std": 0.018055742857413803,
      "scores": "[0.8        0.78571429 0.82580645 0.83561644 0.81944444]"
    },
    "mcc": {
      "mean": 0.6319413699925229,
      "std": 0.030831374122042825,
      "scores": "[0.59481188 0.60075224 0.636192   0.67684171 0.65110902]"
    },
    "auc": {
      "mean": 0.8836362653208363,
      "std": 0.030303601258606157,
      "scores": "[0.84758772 0.87178082 0.86246575 0.93077626 0.90557078]"
    },
    "average_results": {
      "Accuracy_mean": 0.8148648648648649,
      "Sn_mean": 0.7952280701754386,
      "Sp_mean": 0.8350837138508371,
      "F1_mean": 0.8133163240255596,
      "MCC_mean": 0.6319413699925229,
      "AUC_mean": 0.8836362653208363
    },
    "std_results": {
      "Accuracy_std": 0.015759329445527857,
      "Sn_std": 0.03909319940166445,
      "Sp_std": 0.03508990393659589,
      "F1_std": 0.018055742857413803,
      "MCC_std": 0.030831374122042825,
      "AUC_std": 0.030303601258606157
    }
  },
  "cv_details": {
    "fold_1": {
      "accuracy": 0.7972972972972973,
      "sn": 0.7894736842105263,
      "sp": 0.8055555555555556,
      "f1": 0.8,
      "mcc": 0.5948118774794626,
      "auc": 0.8475877192982456
    },
    "fold_2": {
      "accuracy": 0.7972972972972973,
      "sn": 0.7333333333333333,
      "sp": 0.863013698630137,
      "f1": 0.7857142857142857,
      "mcc": 0.6007522407341677,
      "auc": 0.8717808219178083
    },
    "fold_3": {
      "accuracy": 0.8175675675675675,
      "sn": 0.8533333333333334,
      "sp": 0.7808219178082192,
      "f1": 0.8258064516129032,
      "mcc": 0.6361920018583849,
      "auc": 0.8624657534246575
    },
    "fold_4": {
      "accuracy": 0.8378378378378378,
      "sn": 0.8133333333333334,
      "sp": 0.863013698630137,
      "f1": 0.8356164383561644,
      "mcc": 0.6768417089591782,
      "auc": 0.9307762557077626
    },
    "fold_5": {
      "accuracy": 0.8243243243243243,
      "sn": 0.7866666666666666,
      "sp": 0.863013698630137,
      "f1": 0.8194444444444444,
      "mcc": 0.6511090209314212,
      "auc": 0.9055707762557077
    }
  },
  "performance": {
    "wall_time": 3.481485605239868,
    "cpu_time": 0.078125,
    "cpu_usage_percent": 2.244013299449427,
    "start_memory_mb": 155.21875,
    "end_memory_mb": 168.02734375,
    "peak_memory_mb": 168.0234375,
    "memory_increase_mb": 12.80859375,
    "peak_memory_increase_mb": 12.8046875
  }
}