Fold,Accuracy,Precision,Recall,Sn,Sp,F1,MCC,TP,TN,FP,FN,AUC
1,0.7972972972972973,0.8026315789473685,0.8026315789473685,0.8026315789473685,0.7916666666666666,0.8026315789473685,0.5942982456140351,61.0,57.0,15.0,15.0,0.8770102339181286
2,0.8513513513513513,0.8732394366197183,0.8266666666666667,0.8266666666666667,0.8767123287671232,0.8493150684931506,0.7038934434787456,62.0,64.0,9.0,13.0,0.9145205479452055
3,0.8243243243243243,0.8266666666666667,0.8266666666666667,0.8266666666666667,0.821917808219178,0.8266666666666667,0.6485844748858447,62.0,60.0,13.0,13.0,0.8982648401826485
4,0.8783783783783784,0.8904109589041096,0.8666666666666667,0.8666666666666667,0.8904109589041096,0.8783783783783784,0.7570776255707763,65.0,65.0,8.0,10.0,0.9366210045662101
5,0.8648648648648649,0.8767123287671232,0.8533333333333334,0.8533333333333334,0.8767123287671232,0.8648648648648649,0.7300456621004566,64.0,64.0,9.0,11.0,0.9576255707762559
Mean,0.8432432432432432,,,0.8351929824561404,0.8514840182648402,0.8443713114700859,0.6867798903299717,,,,,0.9168084394776898
Std,0.029108998957483822,,,0.022473567798978123,0.03805395731804025,0.02704280600320935,0.058512078511316,,,,,0.028254460288852777
